Subject,Technique Number,Technique Name,Implementation Status,Code Size,Key Classes,Key Methods,Dependencies,Performance Target,Integration Notes,Error
"Technique #4: Streaming TTS - Sentence-level streaming with first audio <500ms. Support OpenAI TTS, ElevenLabs. Implement StreamingTTSEngine with chunk-based generation, buffer management, multiple providers. File: core/voice/streaming_tts_engine.py",4,Streaming TTS - Sentence-level streaming with first audio <500ms,COMPLETE,32511,"StreamingTTSEngine, OpenAIProvider, ElevenLabsProvider, StreamingTTSEngineConfig, OpenAIConfig, ElevenLabsConfig, TTSProviderConfig, StreamingTTSProvider","stream_sentence(), measure_first_audio_latency(), stream_audio(), get_first_audio_latency(), _initialize_providers(), _get_provider(), _split_into_sentences()","openai==2.3.0, elevenlabs==2.34.0",<500ms latency,"The `StreamingTTSEngine` class can be initialized with `StreamingTTSEngineConfig` which takes `OpenAIConfig` and `ElevenLabsConfig` objects. API keys should be loaded from environment variables. The `stream_sentence` method can be used to stream audio for a given text, and `measure_first_audio_latency` can be used to check performance. Unit tests are included and can be run with `python -m unittest core/voice/streaming_tts_engine.py`.",
"Technique #5: Semantic Caching - Vector-based similarity with 50ms cache hits. Use sentence-transformers for embeddings, FAISS for vector search. Cache both text and audio. Implement SemanticCache with add(), query(), eviction policy, TTL management. File: core/caching/semantic_cache.py",5,Semantic Caching - Vector-based similarity with 50ms cache hits,COMPLETE,13963,"SemanticCacheConfig, SemanticCache","add(), query(), _evict_lru(), _is_expired()","faiss-cpu==1.13.2, numpy==2.3.3, sentence-transformers==5.2.2",<50ms cache hits,"To integrate, import `SemanticCache` and `SemanticCacheConfig` from `core.caching.semantic_cache`. Initialize `SemanticCache` with a `SemanticCacheConfig` instance. Use `cache.add()` to store data with text/audio features and `cache.query()` to retrieve semantically similar items. Ensure `sentence-transformers`, `faiss-cpu`, and `numpy` are installed.",
"Technique #6: WebRTC Browser Integration - Low-latency streaming with built-in echo cancellation. Implement WebRTC server in Python (aiortc) and client in JavaScript. Support peer-to-peer, adaptive bitrate, STUN/TURN. Files: core/voice/webrtc_server.py, desktop/webrtc_client.js",6,WebRTC Browser Integration - Low-latency streaming with built-in echo cancellation,COMPLETE,12214,"WebRTCConfig, WebRTCServer","WebRTCServer.__init__(), WebRTCServer._offer(), WebRTCServer.start(), WebRTCServer.stop()","aiortc>=1.14.0, aiohttp>=3.13.3",<100ms latency,"To integrate, run the Python server (core/voice/webrtc_server.py). The JavaScript client (desktop/webrtc_client.js) can be served via a simple HTTP server (e.g., `python3 -m http.server` from the `desktop` directory) and accessed in a browser. The client will automatically attempt to connect to the Python server at `http://localhost:8080/offer`.",
"Technique #7: Enhanced Wake Word Detection - 95%+ accuracy with phonetic matching. Support Porcupine, OpenWakeWord. Handle variations like 'hay day' for 'hey dive'. Implement WakeWordDetector with custom training, sensitivity control, false positive reduction. File: core/voice/wake_word_detector.py",7,Enhanced Wake Word Detection,COMPLETE,17340,"WakeWordConfig, WakeWordDetector","__init__(), _initialize_detector(), _initialize_porcupine(), _initialize_openwakeword(), process_audio_frame(), _process_porcupine_frame(), _process_openwakeword_frame(), release()","pvporcupine>=4.0.1, openwakeword>=0.6.0, numpy",<100ms per operation,"To integrate, import WakeWordDetector and WakeWordConfig from core.voice.wake_word_detector. Create a WakeWordConfig instance with desired engine (porcupine or openwakeword), keywords, and sensitivities. Instantiate WakeWordDetector with this config. Call process_audio_frame with 16-bit PCM audio frames. Ensure PICOVOICE_ACCESS_KEY is set as an environment variable for Porcupine. Install required libraries: pip install pvporcupine openwakeword numpy.",
"Technique #8: Acoustic Echo Cancellation - DTLN-AEC integration for real-time echo removal. Support full-duplex operation. Implement EchoCanceller with adaptive filtering, speaker reference input, residual echo suppression. File: core/audio/echo_canceller.py",8,Acoustic Echo Cancellation - DTLN-AEC integration,COMPLETE,17214,"EchoCancellerConfig, EchoCanceller","EchoCancellerConfig.__post_init__(), EchoCanceller.__init__(), EchoCanceller._load_models(), EchoCanceller.process_frame(), EchoCanceller.process_audio_file()","soundfile>=0.12.1, numpy>=1.26.4, tensorflow>=2.15.0",<100ms per operation,"To integrate the DTLN-AEC Echo Canceller into the Dive AI V25.5 Hear Model, follow these steps:

1.  **Model Placement**: Ensure the pre-trained DTLN-AEC TensorFlow Lite models (e.g., `dtln_aec_512_1.tflite` and `dtln_aec_512_2.tflite`) are placed in a directory accessible by the `EchoCanceller` class. The `model_path` in `EchoCancellerConfig` should point to the base name (e.g., `pretrained_models/dtln_aec_512`).

2.  **Installation**: Install the required Python dependencies: `soundfile`, `numpy`, and `tensorflow`.

3.  **Initialization**: Instantiate the `EchoCancellerConfig` with the appropriate `model_path` and other parameters. Then, create an instance of `EchoCanceller`.

    ```python
    from core.audio.echo_canceller import EchoCancellerConfig, EchoCanceller

    config = EchoCancellerConfig(model_path='path/to/your/pretrained_models/dtln_aec_512')
    canceller = EchoCanceller(config)
    ```

4.  **Real-time Processing**: For real-time full-duplex operation, feed `block_shift` sized audio frames (128 samples at 16kHz) from the near-end microphone and far-end loudspeaker reference to the `process_frame` method. The output will be the echo-cancelled audio frame.

    ```python
    # Assuming near_end_audio_stream and far_end_audio_stream provide audio frames
    near_end_frame = get_near_end_audio_frame() # np.ndarray of shape (128,)
    far_end_frame = get_far_end_audio_frame()   # np.ndarray of shape (128,)

    processed_frame = canceller.process_frame(near_end_frame, far_end_frame)
    # Use processed_frame for further processing (e.g., speech recognition, transmission)
    ```

5.  **File Processing**: For batch processing of audio files, use the `process_audio_file` method.

    ```python
    canceller.process_audio_file(
        'path/to/near_end_mic.wav',
        'path/to/far_end_lpb.wav',
        'path/to/output_aec.wav'
    )
    ```

6.  **Error Handling**: Implement robust error handling around the `EchoCanceller` operations, particularly for `FileNotFoundError` during model loading and `ValueError` during audio processing, as demonstrated in the provided code and unit tests.

7.  **Performance**: The `process_frame` method is optimized for real-time performance. Monitor its execution time to ensure it meets the <100ms per operation target, adjusting `block_len` and `block_shift` if necessary based on your specific hardware and model complexity.",
"Technique #9: RNNoise Integration - Neural noise suppression with low CPU usage (<5%). Support multiple noise types (white, pink, babble). Implement NoiseSuppressor with adjustable aggressiveness, real-time processing, statistics tracking. File: core/audio/noise_suppressor.py",9,RNNoise Integration,COMPLETE,15995,"NoiseSuppressorConfig, NoiseSuppressorStatistics, NoiseSuppressor","__init__(), _setup_logger(), _create_rnnoise_states(), destroy_rnnoise_states(), reset(), process_frame(), process_chunk(), get_statistics(), __del__()",numpy>=1.20.0,<100ms per operation,"To integrate the RNNoise noise suppressor, import the NoiseSuppressor and NoiseSuppressorConfig classes. Initialize NoiseSuppressor with a configuration object, ensuring the sample rate is 48000Hz. Process audio data either frame by frame using `process_frame(frame)` or in chunks using `process_chunk(chunk)`. Ensure input audio is a NumPy array of type `np.int16`. Statistics can be retrieved using `get_statistics()`.",
"Technique #10: Prompt Optimization - Rolling context window with automatic summarization. Implement PromptOptimizer with token counting, context compression, RAG for retrieval, history management, smart truncation. File: core/llm/prompt_optimizer.py",10,Prompt Optimization - Rolling context window with automatic summarization,COMPLETE,22860,"PromptOptimizerConfig, PromptOptimizer","__init__(), _count_tokens(), _summarize_content(), _compress_context(), _apply_rag(), add_message(), _manage_history(), get_optimized_prompt()",tiktoken>=0.12.0,<100ms latency,"To integrate, import `PromptOptimizer` and `PromptOptimizerConfig` from `core.llm.prompt_optimizer`. Initialize `PromptOptimizerConfig` with desired parameters (e.g., `max_tokens`, `summary_max_tokens`, `rag_enabled`). Create an instance of `PromptOptimizer` with the config. Use `add_message(role, content)` to add conversation turns. Call `get_optimized_prompt(current_query)` to retrieve the optimized list of messages ready for an LLM API call.",
"Technique #11: Streaming ASR - Real-time transcription with Whisper/Nemotron. Implement StreamingASR with incremental results, confidence scores, language detection, punctuation, word timestamps. File: core/voice/streaming_asr.py",11,Streaming ASR - Real-time transcription with Whisper/Nemotron,COMPLETE,18575,"StreamingASR, StreamingASRConfig, V98API","start(), stop(), _process_audio(), _audio_callback()","transformers>=4.0.0, sounddevice>=0.4.0, numpy>=1.20.0, torch>=1.9.0",<100ms per operation,"To integrate the StreamingASR module, instantiate the StreamingASR class with a configuration object and callback functions for results and errors. The module can be run in two modes: local pipeline (e.g., Whisper) or API mode (simulated V98 API). For local mode, ensure the specified model from Hugging Face is available. The current implementation defaults to CPU due to environment constraints; for GPU usage, the device selection logic may need to be adjusted based on the specific production environment.",
"Technique #12: Audio Buffer Management - Ring buffer with dynamic sizing. Implement BufferManager with overflow/underflow prevention, double buffering, jitter handling, statistics (fill rate, drops). File: core/audio/buffer_manager.py",12,Audio Buffer Management - Ring buffer with dynamic sizing,COMPLETE,14832,"BufferManagerConfig, BufferManager","put(), get(), _dynamic_resize(), _resize_buffer(), _switch_buffers(), get_statistics()",None,<100ms per operation,Integrate BufferManager by importing BufferManager and BufferManagerConfig from core.audio.buffer_manager. Create a BufferManagerConfig instance and then a BufferManager instance with the config. Use put() to add items and get() to retrieve them. Monitor statistics with get_statistics().,
"Technique #13: Turn Detection - Hybrid silence-based and model-based approach. Implement TurnDetector with configurable silence threshold, end-of-turn prediction, false positive reduction, context awareness. File: core/voice/turn_detector.py",13,Turn Detection - Hybrid silence-based and model-based approach,COMPLETE,22043,"TurnDetectorConfig, TurnDetector","__init__(), _load_vad_model(), _calculate_dbfs(), _is_silent(), _predict_end_of_turn_model(), process_audio_chunk(), reset()",numpy>=1.20.0,<100ms latency,"To integrate the TurnDetector into the Dive AI V25.5 Hear Model, follow these steps:
1.  **Installation:** Ensure `numpy` is installed (`pip install numpy`). If using a specific VAD model (e.g., Silero VAD or WebRTC VAD), install the corresponding libraries.
2.  **Configuration:** Create an instance of `TurnDetectorConfig`. Adjust parameters like `silence_threshold_db`, `min_silence_duration_ms`, `max_turn_duration_ms`, and `sample_rate` to match your audio input characteristics and desired turn detection behavior.
3.  **Initialization:** Instantiate `TurnDetector` with your `TurnDetectorConfig` object.
4.  **Audio Processing Loop:** In your audio processing pipeline, feed audio chunks (normalized to -1.0 to 1.0 float values) to the `process_audio_chunk` method.
5.  **Event Handling:** Monitor the `is_end_of_turn` boolean returned by `process_audio_chunk`. When `True`, it indicates the end of a speech turn, triggering actions like transcription processing or agent response generation.
6.  **Reset:** Call the `reset()` method when starting a new interaction or session to clear the detector's internal state.
7.  **VAD Model Integration (Optional):** If a VAD model is to be used, replace the placeholder in `_load_vad_model` with actual model loading and inference logic in `_predict_end_of_turn_model`. Ensure the model is optimized for low-latency inference.",
"Technique #14: Multimodal Integration - Voice + Vision coordination with context sharing. Implement VoiceVisionCoordinator with parallel processing, result fusion, shared state, cross-modal attention. File: core/multimodal/voice_vision_coordinator.py",14,Multimodal Integration - Voice + Vision coordination with context sharing,COMPLETE,14889,"MultimodalConfig, MultimodalContext, VoiceVisionCoordinator","coordinate(), _process_voice(), _process_vision(), _share_context(), _retrieve_shared_context(), _apply_cross_modal_attention(), _fuse_results(), get_context_status()",Python 3.11+,<100ms latency,"To integrate, import `VoiceVisionCoordinator` and `MultimodalConfig` from `core.multimodal.voice_vision_coordinator`. Initialize with a `MultimodalConfig` instance and call the `coordinate` async method with voice and vision inputs along with a unique context ID. Ensure an asyncio event loop is running.",
"Technique #15: Conversation State Management - Session persistence with context window management. Implement StateManager with user profiles, conversation history, state recovery, memory limits, pruning strategies. File: core/conversation/state_manager.py",15,Conversation State Management - Session persistence with context window management,COMPLETE,25553,"StateManager, StateManagerConfig, ConversationMessage, UserProfile, ConversationState","StateManager.__init__(), StateManager.get_user_profile(), StateManager.create_or_update_user_profile(), StateManager.get_conversation_state(), StateManager.create_or_update_conversation_state(), StateManager.delete_conversation_state(), StateManager.get_conversation_history(), StateManager.prune_history(), StateManager.save_state(), StateManager.load_state()",No specific versions required for standard libraries,<100ms per operation,"To integrate the StateManager, initialize it with an optional StateManagerConfig. Use `create_or_update_user_profile` to manage user data and `create_or_update_conversation_state` to handle conversation history. The manager automatically handles state persistence and pruning based on the configuration. Ensure that the `state_persistence_path` in StateManagerConfig is set to a writable location if state recovery is enabled.",
"Technique #16: Latency Monitoring - Component-level metrics with real-time tracking. Implement LatencyTracker with per-component timing, statistical analysis (mean, p50, p95, p99), dashboard data export. File: core/monitoring/latency_tracker.py",16,Latency Monitoring - Component-level metrics with real-time tracking,COMPLETE,9256,LatencyTracker,"start_timer(), stop_timer(), get_statistics(), get_all_statistics(), export_for_dashboard(), reset()",None,<100ms per operation,"To integrate LatencyTracker, instantiate the class and use `start_timer` and `stop_timer` around operations. Use `export_for_dashboard` to get JSON data for visualization. Ensure proper logging configuration for monitoring warnings and errors.",
"Technique #17: Error Recovery & Retry - Exponential backoff with circuit breaker pattern. Implement ErrorRecovery with fallback strategies, graceful degradation, retry policies, error classification, recovery actions. File: core/resilience/error_recovery.py",17,Error Recovery & Retry - Exponential backoff with circuit breaker pattern,COMPLETE,14635,"ErrorRecoveryManager, CircuitBreaker, ExponentialBackoffRetry, ErrorRecoveryConfig","execute(), _classify_error(), _handle_fallback()","asyncio, logging, random, time, datetime, enum",<100ms per operation,"To integrate the ErrorRecoveryManager, instantiate it with a custom or default ErrorRecoveryConfig. Then, wrap the function call that needs protection with the manager's `execute` method. The manager will handle circuit breaking, retries, and fallbacks as configured. Ensure that the event loop is running in your application, as this module relies on asyncio.",
"Technique #18: Speculative TTS - Response prediction with pre-generation. Implement SpeculativeTTS with cache management, hit/miss tracking, confidence scoring, abort on mismatch, learning from patterns. File: core/voice/speculative_tts.py",18,Speculative TTS - Response prediction with pre-generation,COMPLETE,15612,"SpeculativeTTSConfig, TTSCacheEntry, SpeculativeTTSManager","_initialize_tts_model(), _get_from_cache(), _add_to_cache(), _update_prediction_patterns(), _calculate_confidence(), generate_speculative_tts(), get_cache_stats(), get_prediction_pattern_stats()","dataclasses, logging, typing, unittest",<100ms latency,"To integrate SpeculativeTTS into the Dive AI V25.5 Hear Model:
1. Ensure 'core/voice/speculative_tts.py' is accessible in your project path.
2. Replace `DRAFT_MODEL_API_KEY` and `TARGET_MODEL_API_KEY` in `SpeculativeTTSConfig` with actual API keys for your chosen high-tier TTS models (e.g., OpenAI, Gemini, Claude). These models should be capable of generating speech from text.
3. Modify the `_initialize_tts_model` method to integrate with your specific TTS provider's SDKs or APIs. This will involve replacing the `MockTTSModel` with actual API calls.
4. Instantiate `SpeculativeTTSManager` with your desired configuration:
   `config = SpeculativeTTSConfig(...)`
   `tts_manager = SpeculativeTTSManager(config)`
5. Call `tts_manager.generate_speculative_tts(text)` whenever speech generation is required. The method returns the audio data (bytes) and a boolean indicating if it was a speculative hit.
6. Monitor cache statistics and prediction patterns using `get_cache_stats()` and `get_prediction_pattern_stats()` for performance tuning.
7. Ensure proper error handling around `generate_speculative_tts` calls to manage potential API failures or timeouts.
8. Dependencies: `dataclasses` (built-in Python 3.7+), `logging` (built-in), `typing` (built-in), `unittest` (built-in). External TTS model SDKs will be required based on your chosen providers.",
"Technique #19: Adaptive Bitrate - Network monitoring with dynamic quality adjustment. Implement AdaptiveBitrate with bandwidth estimation, quality/latency trade-off, smooth transitions, buffer-based adaptation. File: core/audio/adaptive_bitrate.py",19,Adaptive Bitrate - Network monitoring with dynamic quality adjustment,COMPLETE,15693,"AdaptiveBitrateConfig, BandwidthEstimator, AdaptiveBitrateManager","add_data_point(), estimate_bandwidth_kbps(), update_network_metrics(), _adjust_bitrate(), get_current_bitrate()","No external dependencies beyond standard Python libraries (time, logging, dataclasses, typing).",<100ms latency per operation,"Instantiate `AdaptiveBitrateManager` with `AdaptiveBitrateConfig`. Periodically call `update_network_metrics()` with network data. Retrieve current bitrate using `get_current_bitrate()`. Refer to the `if __name__ == ""__main__"":` block in `core/audio/adaptive_bitrate.py` for detailed examples.",
"Technique #20: Voice Profiles - User-specific settings with preference storage. Implement VoiceProfile with accent adaptation, custom wake words, TTS voice selection, speaking rate, profile management (save/load). File: core/user/voice_profile.py",20,Voice Profiles - User-specific settings with preference storage,COMPLETE,14275,"VoiceProfileConfig, VoiceProfileManager","save_profile(), load_profile(), delete_profile(), list_profiles(), apply_profile()","json, logging, os, time, dataclasses, typing",<100ms latency per operation,"To integrate Voice Profiles, import VoiceProfileManager and VoiceProfileConfig from core.user.voice_profile. Create an instance of VoiceProfileManager. Use save_profile() to store user preferences and load_profile() to retrieve them. Apply settings using apply_profile(). Ensure the ~/.dive_ai/voice_profiles directory is accessible for read/write operations. The apply_profile method simulates API calls to Dive AI V98; replace with actual API calls as needed.",
